"Classification(1)",Classification(2),2024.05,2024.06,2024.07,2024.08,2024.09,2024.10
"Ulsan",Ulsan,15,20,12,13,10,10
"Total",Sub Summary,15,16,10,13,9,12
"Seoul",Seoul,15,18,12,16,9,13
"Sejong-si",Sejong-si,14,15,7,12,8,12
"Jeonnam",Hwasun,12**,-,-,8**,11,11
"Jeonnam",Yeosu,13,12,6,12,9,10
"Jeonnam",Gwangyang,12*,13,8,14,9,8
"Jeonnam",Suncheon,13,13,7,12,9,9
"Jeonnam",Mokpo,12*,12,7,13,10,11
"Jeonnam",Yeongam,12*,10**,5**,9**,7*,12
"Jeonnam",Naju,14,16,9,12,12,13**
"Jeonnam",Damyang,17,17,-,-,6,13
"Jeonnam",Jangseong,12*,-,-,11**,8,11
"Jeonnam",Haenam,12,11,6,10,7,5**
"Jeonnam",Yeonggwang,-,-,-,12**,7,13
"Jeonnam",Jangheung,-,-,-,-,8,10*
"Jeonnam",Jindo,12*,10,6,12,9,10
"Jeonnam",Wando,11,10,5,11**,8**,9
"Jeonnam",Hampyeong,12*,11,7,12,10,10
"Jeonnam",Goheung,12,12,6,13,10,11
"Jeonnam",Sinan,13,11,6,10,9,11
"Jeonnam",Muan,10*,-,-,-,8*,17*
"Jeonnam",Gangjin,13**,14,10,17,13,11
"Jeonnam",Gokseong,11,12,7,12,9,9
"Jeonnam",Gurye,12,12,6,8,6,6
"Jeonnam",Boseong,11,11,5,11,9,10
"Jeonnam",Average for provinces,12,12,7,12,9,10
"Jeju Special Self-governing Province",Jeju,14,12,7,13,10,11
"Jeju Special Self-governing Province",Seogwipo,13,11,6,11,10,10
"Jeju Special Self-governing Province",Average for provinces,14,12,7,12,10,10
"Incheon",Incheon,16,18,13,18,11,16
"Gyeongnam",Changwon,15,16,10,14,11,10
"Gyeongnam",Jinju,15,15,9,13,10,10
"Gyeongnam",Hadong,12,14,8,15,10,7
"Gyeongnam",Gimhae,13,15,8,11,9,9
"Gyeongnam",Yangsan,12,14,8,12,9,9
"Gyeongnam",Geoje,11,11,5,11,8,8
"Gyeongnam",Sacheon,11,11,5,9,7,7
"Gyeongnam",Miryang,14,17,9,10,8,8
"Gyeongnam",Tongyeong,11,15,7,14,10,11
"Gyeongnam",Goseong,13,14,8,12,9,10
"Gyeongnam",Geochang,13,15,10,13,11,11
"Gyeongnam",Haman,13,16,8,12,10,10
"Gyeongnam",Hamyang,16,15,6,14,11,10
"Gyeongnam",Namhae,11,12,7,13,8,9
"Gyeongnam",Sancheong,12,15,9,13,10,9
"Gyeongnam",Uiryeong,14,15,9,14,11,10
"Gyeongnam",Changnyeong,15,17,11,15,11,11
"Gyeongnam",Hapcheon,15,15,9,14,10,8
"Gyeongnam",Average for provinces,13,15,8,13,10,9
"Gyeonggi",Suwon,16,18,12*,15,10,14
"Gyeonggi",Anyang,18*,17*,11*,16*,11,16
"Gyeonggi",Seongnam,13,15,9,13,8,10
"Gyeonggi",Uijeongbu,13,15,10,14,9,12
"Gyeonggi",Gwangmyeong,14,16,11,14,9,14
"Gyeonggi",Ansan,13,15,10,15,9*,13*
"Gyeonggi",Pyeongtaek,18,19,11,17,10,16
"Gyeonggi",Gwacheon,13,14,9,12,7,11
"Gyeonggi",Guri,13,15,10,12,6,8*
"Gyeonggi",Uiwang,14,15,8,13,8,11
"Gyeonggi",Goyang,17,19,13,16,11,15
"Gyeonggi",Gwangju,14,17,10,14,9,11
"Gyeonggi",Gunpo,17,19,11,15,10,16
"Gyeonggi",Siheung,18,20,13,15,10,17
"Gyeonggi",Bucheon,16,16,10,12,7,15
"Gyeonggi",Namyangju,14,16,11,14,8,11
"Gyeonggi",Yongin,15,17,10,14,9,12
"Gyeonggi",Kimpo,18,19,13,16,11,19
"Gyeonggi",Osan,17,18,12,15,9,13
"Gyeonggi",Hanam,15,18,13,18,10,11
"Gyeonggi",Hwaseong,17,19,12,16,11,17
"Gyeonggi",Yangju,16,18,11,13,9,14
"Gyeonggi",Dongducheon,11,12,9,9*,5,9
"Gyeonggi",Anseong,16,18,10,14,9,13
"Gyeonggi",Icheon,18,21,13,15,10,15
"Gyeonggi",Paju,14,15,10,13,8,14
"Gyeonggi",Pocheon,13,15,10,12,6,10
"Gyeonggi",Yeoju,21,24,12,13,8,16
"Gyeonggi",Yeoncheon,12,13,9,10,6,10
"Gyeonggi",Gapyeong,13,17,12,12,6,9
"Gyeonggi",Yangpyeong,15,18,10,12,8,10
"Gyeonggi",Average for provinces,16,17,11,14,9,14
"Gyeongbuk",Yeongdeok,12,15,11,12,8,7
"Gyeongbuk",Yeongcheon,13,19,16,12,7,9
"Gyeongbuk",Uiseong,15,16,8,11,9,10
"Gyeongbuk",Ulleung-do,14,15,10,10,7,9
"Gyeongbuk",Pohang,17,19,13,14,11,13
"Gyeongbuk",Gumi,14,14,9,13,11,15
"Gyeongbuk",Gimcheon,16,16,10,13,11,14
"Gyeongbuk",Gyeongju,13,16,9,9,7,8
"Gyeongbuk",Andong,17,19,12,12,9,10
"Gyeongbuk",Yeongju,18,18,11,13,11,14
"Gyeongbuk",Gyeongsan,17,21,14,15,13,13
"Gyeongbuk",Sangju,19,22,10,8,7,14
"Gyeongbuk",Chilgok,17,18,12,11,9,11
"Gyeongbuk",Uljin,8,11,4,4,5,8
"Gyeongbuk",Bonghwa,12,14,9,10,7,8
"Gyeongbuk",Goryeong,18,20,15,16,10,11
"Gyeongbuk",Seongju,17,19,13,14,13,13
"Gyeongbuk",Yecheon,15,14,11,12,9,11
"Gyeongbuk",Cheongdo,14,17,9,9,7,7
"Gyeongbuk",Cheongsong,11,13,7,9,6,6
"Gyeongbuk",Yeongyang,12,14,9,9,7,10
"Gyeongbuk",Mungyeong,12,14,6,8,5,10
"Gyeongbuk",Average for provinces,15,17,11,12,10,11
"Gwangju",Gwangju,13,12,6,12,10,13
"Daejeon",Daejeon,14,15,8,12,8,11
"Daegu",Daegu,13,15,8,10,8,10
"Chungnam",Cheonan,16,17,10,15,10,14
"Chungnam",Dangjin,18,19,12,18,12,19
"Chungnam",Seosan,12,13,8,13,8,11
"Chungnam",Asan,21,18,9,17,11,17
"Chungnam",Nonsan,15,16,8,14,11,13
"Chungnam",Taean,12,14,8,14,9,13
"Chungnam",Boryeong,12,14,8,11,7,12
"Chungnam",Hongseong,16,16,9,12,9,15
"Chungnam",Gongju,14,14,9,16,12,16
"Chungnam",Buyeo,13,14,8,12,10,13
"Chungnam",Cheongyang,14,16,9,14,10,13
"Chungnam",Geumsan,16,12,6,12,11,13
"Chungnam",Yesan,20,21,13,18,12,19
"Chungnam",Gyeryong,13,15,7,13,10,12
"Chungnam",Seocheon,13*,13*,8*,12*,10*,14
"Chungnam",Average for provinces,16,16,9,15,10,15
"Chungbuk",Goesan,17,20,11,13,10,14
"Chungbuk",Eumseong,14,15,8,11,8,12
"Chungbuk",Cheongju,16,15,8,12,9,14
"Chungbuk",Chungju,14,17,10,12,8,11
"Chungbuk",Jecheon,13,14,8,10,7,10
"Chungbuk",Danyang,17,17,10,13,8,10
"Chungbuk",Jincheon,17,19,12,15,11,16
"Chungbuk",Okcheon,12,12,8,14,10,12
"Chungbuk",Yeongdong,14,14,7,10,6,10
"Chungbuk",Jeungpyeong,16,19,11,14,8,12
"Chungbuk",Boeun,11,13,8,11,7,9
"Chungbuk",Average for provinces,15,16,9,12,8,12
"Busan",Busan,14,16,8,11,8,9
" ",Yanggu,9,12,7,7,5*,7
" ",Goseong,8,10,7,5,4,6
" ",Jeongseon,11,13,7,8,4,9
" ",Hoengseong,10,11,6,6,4,7
" ",Chuncheon,9**,12**,6**,7*,4*,6*
" ",Gangneung,11,14,9,9,7,9
" ",Wonju,16,20,15,17,10,12
" ",Donghae,7,12,10,9,2,5
" ",Samcheok,10,12,6,5,3*,6
" ",Pyeongchang,13,13,8,9,6,8
" ",Yangyang,8,11,7,6,4,6
" ",Sokcho,17,23,15,11,9,12
" ",Yeongwol,7,11,8,12,6,8
" ",Cheorwon,14,18,14,13,9,11
" ",Hongcheon,14,19,11,11*,7,9
" ",Hwacheon,10,12,7,7,5,7
" ",Taebaek,9,10,6,6,5,6
" ",Inje,9,13,7,8,4,6
" ",Average for provinces,11,14,9,9,6,8
" ",Imsil,15,12,6,9,6,10
" ",Jeonju,15,16,8,13,10,14
" ",Gunsan,16,17,10,15,13,17
" ",Iksan,18,20,10,14,12,18
" ",Namwon,12,12,6,11,10,12
" ",Jeongeup,15,16,10,17,13*,14
" ",Gochang,16,15,8,11,11,15
" ",Buan,16,18,10,16,14,18
" ",Gimje,16,18,9,14,12,16
" ",Wanju,13,15,8,14,10,12
" ",Jinan,11,14,9,12,9,9
" ",Muju,14,14,9,12,9,11
" ",Sunchang,15,15,10,15,11,11
" ",Jangsu,13,13,8,12,9,10
" ",Average for provinces,15,16,9,14,11,14
